{"abs_power": {"Delta": [40.4083584773587, 43.92822579300994, 28.45634539759167, 152.110769954011, 46.636940893781905, 113.79662072861203, 34.53192816640839, 68.75130344167721, 9.443156290262156, 15.23999581983395, 85.8169665288276, 100.8122077484184, 86.38383993431881, 102.99880624311767, 12.368802961458933, 40.103660039395216, 102.64799258698801, 55.13075212375945, 31.026968233652333], "Theta": [27.865395871152057, 30.25859393705143, 19.125111552194728, 83.41250184610276, 27.44907091001903, 73.54456042689596, 22.702284684576323, 46.90689125708722, 6.5476876907934205, 9.337673789974076, 62.051511259030946, 73.54766354532971, 56.96124112250964, 82.3038088756447, 9.2197260494073, 27.456489426484396, 73.40177138238137, 39.36339773504717, 21.97281754930933], "Alpha": [26.4703737947515, 27.571829569088784, 23.263808121180773, 75.83013499024837, 23.803644811211118, 80.81275836335227, 24.006882986457363, 33.99523808282065, 4.973780198678381, 9.223699020068501, 63.95987738447314, 99.76950556573814, 36.049950136088995, 35.49903939189962, 6.998690009562185, 30.043251838039662, 63.47886593119528, 38.33746302834071, 22.004355326725115], "Beta": [100.10986642468215, 148.76062491329978, 63.2895547823788, 222.50966479064462, 79.99523119826414, 203.58261252540387, 75.39771511683256, 112.17051314518707, 21.32423849376443, 35.167856433698844, 289.9723309053053, 284.93149960486846, 122.53034021304966, 93.36567921081584, 27.26785367804946, 108.96466007833658, 204.1062341242134, 225.85612130628732, 83.89123414102275], "High Beta": [17.73511867400693, 55.51158216993139, 9.711870968064275, 31.55217811598535, 13.524253385324618, 30.576175732893685, 8.721588164653406, 26.514521113489952, 4.240572538434726, 8.385397806575165, 38.38991268480922, 45.722769654813135, 38.59147156185046, 23.70194393862095, 5.909847170314642, 20.882599350165055, 26.665270532647792, 79.794161533351, 17.39983167096268], "Gamma": [20.68405814964094, 127.7457347905087, 15.936193725120432, 48.4606818194765, 19.91157565652008, 44.70682989558158, 11.042756479445487, 30.444791660047375, 5.651950807759416, 15.167626959009567, 49.045095287943255, 63.48498707181705, 43.030534352733454, 27.829686467620117, 8.07498688756631, 32.23880158753725, 29.901349520811145, 188.26858707899538, 32.18380428244899]}, "rel_power": {"Delta": [0.17322334255715063, 0.10126924017322433, 0.178093826997502, 0.24778747975710508, 0.2206927062705152, 0.20803025985533802, 0.1957557281176368, 0.21566786073390018, 0.18096790849324013, 0.1647170907319504, 0.1456411541176744, 0.15085581267975992, 0.2252233884058689, 0.28164916050225874, 0.17710222616144558, 0.1544292928990099, 0.2052132907525175, 0.08796283949707542, 0.14882538081147131], "Theta": [0.119453924790926, 0.06975617069430859, 0.11969436905881663, 0.1358784366085951, 0.12989294811467922, 0.13444594328544068, 0.12869545676531902, 0.14714352142684112, 0.12547937473953671, 0.10092354873790729, 0.10530847313829651, 0.11005703379214342, 0.14851161679279085, 0.22505890622895072, 0.1320122903595924, 0.10572816155572691, 0.1467444094406176, 0.06280553236884413, 0.10539582580711593], "Alpha": [0.11347371683096838, 0.06356228097633673, 0.1455963708954452, 0.12352680907838141, 0.11264226794919795, 0.14773285018759683, 0.1360910064506732, 0.1066406003295795, 0.09531713467329798, 0.09969168537405669, 0.10854718753511816, 0.1492955087377638, 0.0939908659731497, 0.09707175265473741, 0.10021047184352037, 0.11568914491040831, 0.1269065925467476, 0.061168621453173755, 0.10554710135871045], "Beta": [0.42915293613696004, 0.342942952525551, 0.39609721004847764, 0.36246683306344174, 0.3785489297441101, 0.37216697222222445, 0.4274170428588849, 0.3518707776641415, 0.4086560384907553, 0.3801016133809474, 0.49211603070418847, 0.42637269722554483, 0.3194659837567981, 0.2553074751893698, 0.39043370680856126, 0.41959600172025235, 0.40804803788284827, 0.3603605062978087, 0.40239654657074847], "High Beta": [0.07602725409102122, 0.12797274749159107, 0.06078167255289514, 0.0513982980861319, 0.06399871052205779, 0.05589594613943626, 0.049441225328816174, 0.08317413286253045, 0.08126600042464173, 0.09063114896209917, 0.06515204878529683, 0.0684197452699325, 0.10061722187086553, 0.0648127182836185, 0.0846199178205025, 0.08041373401757836, 0.05330905921198157, 0.12731408067870256, 0.08346083171857792], "Gamma": [0.08866882559297361, 0.29449660813898826, 0.09973655044686357, 0.07894214340634469, 0.0942244373994398, 0.08172802830996391, 0.06259954047866989, 0.0955031069830074, 0.10831354317852823, 0.1639349128130389, 0.08323510571942555, 0.09499920229485564, 0.1121909232005269, 0.07609998714106478, 0.11562138700637788, 0.1241436648970241, 0.059778610165287405, 0.30038841970439534, 0.15437431373337587]}, "rat_power": {"DAR": [1.5265503536399174, 1.5932285408531095, 1.2232023772446479, 2.005940909554918, 1.9592352878588024, 1.4081516710140856, 1.438417814836202, 2.022380407343592, 1.8985873748042514, 1.6522650822273652, 1.3417312546265212, 1.0104511110561054, 2.39622633618684, 2.9014533352871665, 1.7673025872784276, 1.3348641570356718, 1.6170420041569131, 1.4380386120752022, 1.4100375936017047], "TAR": [1.052701260934863, 1.0974459950592041, 0.8220972014801856, 1.0999914724776565, 1.1531457105716423, 0.9100612566177129, 0.9456573224180339, 1.3798076996198894, 1.3164409019387817, 1.0123567312482329, 0.9701630740476456, 0.7371757846075437, 1.58006435258524, 2.3184798880621336, 1.3173502522344258, 0.9138987209007781, 1.1563182534158931, 1.026760631133783, 0.9985667484028727], "TBR": [0.2783481475536344, 0.203404590123809, 0.30218432753961444, 0.37487136536106913, 0.34313384059092095, 0.361251678198789, 0.30110043320806196, 0.41817488341498116, 0.30705376385225086, 0.2655172858652383, 0.21399114551827628, 0.2581240180440655, 0.46487458553912664, 0.8815210211217562, 0.338117042810346, 0.25197609396244114, 0.3596253279442268, 0.17428528174211316, 0.2619203040018771]}, "asym": null, "coh": null, "alpha_peak": null, "alpha_peak_power": null, "mse": null, "samp_entropy": null, "lzc": null, "sef_95": null, "mi": null, "dfa": null}